x,y,val
0,80,1
0,100,1
0,120,1
0,140,1
0,160,1
0,180,1
0,200,1
0,220,1
0,240,1
0,260,1
0,280,1
0,300,1
0,320,1
0,340,1
0,360,1
0,380,1
0,400,1
0,420,1
0,440,1
0,460,1
0,480,1
0,500,1
0,520,1
0,540,1
0,560,1
0,580,1
0,600,1
0,620,1
0,640,1
0,660,1
0,680,1
0,700,1
0,720,1
0,740,1
0,760,1
0,780,1
0,800,1
0,820,1
0,840,1
0,860,1
0,880,1
0,900,1
0,920,1
0,940,1
0,960,1
20,80,1
20,100,0
20,120,0
20,140,0
20,160,1
20,180,0
20,200,0
20,220,0
20,240,0
20,260,0
20,280,0
20,300,0
20,320,0
20,340,0
20,360,0
20,380,0
20,400,1
20,420,0
20,440,0
20,460,0
20,480,0
20,500,0
20,520,0
20,540,0
20,560,0
20,580,0
20,600,0
20,620,0
20,640,0
20,660,1
20,680,0
20,700,0
20,720,0
20,740,0
20,760,0
20,780,0
20,800,0
20,820,0
20,840,1
20,860,0
20,880,0
20,900,0
20,920,0
20,940,0
20,960,1
40,80,1
40,100,0
40,120,0
40,140,0
40,160,1
40,180,0
40,200,0
40,220,0
40,240,0
40,260,0
40,280,0
40,300,0
40,320,0
40,340,0
40,360,0
40,380,0
40,400,1
40,420,0
40,440,0
40,460,0
40,480,0
40,500,0
40,520,0
40,540,0
40,560,0
40,580,0
40,600,0
40,620,0
40,640,0
40,660,1
40,680,0
40,700,0
40,720,0
40,740,0
40,760,0
40,780,0
40,800,0
40,820,0
40,840,1
40,860,0
40,880,0
40,900,0
40,920,0
40,940,0
40,960,1
60,80,1
60,100,0
60,120,0
60,140,0
60,160,1
60,180,0
60,200,0
60,220,0
60,240,0
60,260,0
60,280,0
60,300,0
60,320,0
60,340,0
60,360,0
60,380,0
60,400,1
60,420,0
60,440,0
60,460,0
60,480,0
60,500,0
60,520,0
60,540,0
60,560,0
60,580,0
60,600,0
60,620,0
60,640,0
60,660,1
60,680,0
60,700,0
60,720,0
60,740,0
60,760,0
60,780,0
60,800,0
60,820,0
60,840,1
60,860,0
60,880,0
60,900,0
60,920,0
60,940,0
60,960,1
80,80,1
80,100,0
80,120,0
80,140,0
80,160,1
80,180,0
80,200,0
80,220,0
80,240,1
80,260,0
80,280,0
80,300,0
80,320,1
80,340,0
80,360,0
80,380,0
80,400,1
80,420,1
80,440,1
80,460,1
80,480,0
80,500,0
80,520,1
80,540,0
80,560,0
80,580,1
80,600,1
80,620,1
80,640,1
80,660,1
80,680,1
80,700,1
80,720,1
80,740,1
80,760,1
80,780,0
80,800,0
80,820,0
80,840,1
80,860,1
80,880,1
80,900,1
80,920,0
80,940,0
80,960,1
100,80,1
100,100,0
100,120,0
100,140,0
100,160,1
100,180,0
100,200,0
100,220,0
100,240,1
100,260,0
100,280,0
100,300,0
100,320,1
100,340,0
100,360,0
100,380,0
100,400,1
100,420,0
100,440,0
100,460,1
100,480,0
100,500,0
100,520,1
100,540,0
100,560,0
100,580,0
100,600,0
100,620,0
100,640,0
100,660,0
100,680,0
100,700,0
100,720,0
100,740,0
100,760,0
100,780,0
100,800,0
100,820,0
100,840,1
100,860,0
100,880,0
100,900,0
100,920,0
100,940,0
100,960,1
120,80,1
120,100,0
120,120,0
120,140,0
120,160,1
120,180,0
120,200,0
120,220,0
120,240,1
120,260,0
120,280,0
120,300,0
120,320,1
120,340,0
120,360,0
120,380,0
120,400,1
120,420,0
120,440,0
120,460,1
120,480,0
120,500,0
120,520,1
120,540,0
120,560,0
120,580,0
120,600,0
120,620,0
120,640,0
120,660,0
120,680,0
120,700,0
120,720,0
120,740,0
120,760,0
120,780,0
120,800,0
120,820,0
120,840,1
120,860,0
120,880,0
120,900,0
120,920,0
120,940,0
120,960,1
140,80,1
140,100,0
140,120,0
140,140,0
140,160,1
140,180,0
140,200,0
140,220,0
140,240,1
140,260,0
140,280,0
140,300,0
140,320,1
140,340,0
140,360,0
140,380,0
140,400,1
140,420,0
140,440,0
140,460,1
140,480,0
140,500,0
140,520,1
140,540,0
140,560,0
140,580,0
140,600,0
140,620,0
140,640,0
140,660,0
140,680,0
140,700,0
140,720,0
140,740,0
140,760,0
140,780,0
140,800,0
140,820,0
140,840,1
140,860,0
140,880,0
140,900,0
140,920,0
140,940,0
140,960,1
160,80,1
160,100,0
160,120,0
160,140,0
160,160,1
160,180,0
160,200,0
160,220,0
160,240,1
160,260,0
160,280,0
160,300,0
160,320,1
160,340,0
160,360,0
160,380,0
160,400,0
160,420,0
160,440,0
160,460,1
160,480,0
160,500,0
160,520,1
160,540,0
160,560,0
160,580,1
160,600,0
160,620,0
160,640,0
160,660,1
160,680,0
160,700,0
160,720,0
160,740,1
160,760,1
160,780,1
160,800,1
160,820,1
160,840,1
160,860,0
160,880,0
160,900,0
160,920,0
160,940,0
160,960,1
180,80,1
180,100,0
180,120,0
180,140,0
180,160,1
180,180,0
180,200,0
180,220,0
180,240,1
180,260,0
180,280,0
180,300,0
180,320,1
180,340,0
180,360,0
180,380,0
180,400,0
180,420,0
180,440,0
180,460,0
180,480,0
180,500,0
180,520,1
180,540,0
180,560,0
180,580,1
180,600,0
180,620,0
180,640,0
180,660,1
180,680,0
180,700,0
180,720,0
180,740,0
180,760,0
180,780,1
180,800,0
180,820,0
180,840,1
180,860,0
180,880,0
180,900,1
180,920,1
180,940,1
180,960,1
200,80,1
200,100,0
200,120,0
200,140,0
200,160,1
200,180,0
200,200,0
200,220,0
200,240,1
200,260,0
200,280,0
200,300,0
200,320,1
200,340,0
200,360,0
200,380,0
200,400,0
200,420,0
200,440,0
200,460,0
200,480,0
200,500,0
200,520,1
200,540,0
200,560,0
200,580,1
200,600,0
200,620,0
200,640,0
200,660,1
200,680,0
200,700,0
200,720,0
200,740,0
200,760,0
200,780,1
200,800,0
200,820,0
200,840,1
200,860,0
200,880,0
200,900,0
200,920,0
200,940,0
200,960,1
220,80,1
220,100,0
220,120,0
220,140,0
220,160,0
220,180,0
220,200,0
220,220,0
220,240,0
220,260,0
220,280,0
220,300,0
220,320,1
220,340,0
220,360,0
220,380,0
220,400,1
220,420,1
220,440,1
220,460,1
220,480,1
220,500,1
220,520,1
220,540,0
220,560,0
220,580,1
220,600,0
220,620,0
220,640,0
220,660,1
220,680,0
220,700,0
220,720,0
220,740,0
220,760,0
220,780,1
220,800,0
220,820,0
220,840,1
220,860,0
220,880,0
220,900,0
220,920,0
220,940,0
220,960,1
240,80,1
240,100,0
240,120,0
240,140,0
240,160,0
240,180,0
240,200,0
240,220,0
240,240,0
240,260,0
240,280,0
240,300,0
240,320,1
240,340,0
240,360,0
240,380,0
240,400,0
240,420,0
240,440,0
240,460,0
240,480,0
240,500,0
240,520,0
240,540,0
240,560,0
240,580,1
240,600,0
240,620,0
240,640,0
240,660,1
240,680,0
240,700,0
240,720,1
240,740,0
240,760,0
240,780,1
240,800,0
240,820,0
240,840,1
240,860,0
240,880,0
240,900,0
240,920,0
240,940,0
240,960,1
260,80,1
260,100,0
260,120,0
260,140,0
260,160,0
260,180,0
260,200,0
260,220,0
260,240,0
260,260,0
260,280,0
260,300,0
260,320,1
260,340,0
260,360,0
260,380,0
260,400,0
260,420,0
260,440,0
260,460,0
260,480,0
260,500,0
260,520,0
260,540,0
260,560,0
260,580,1
260,600,0
260,620,0
260,640,0
260,660,1
260,680,0
260,700,0
260,720,1
260,740,0
260,760,0
260,780,1
260,800,0
260,820,0
260,840,1
260,860,0
260,880,0
260,900,0
260,920,0
260,940,0
260,960,1
280,80,1
280,100,1
280,120,1
280,140,1
280,160,1
280,180,1
280,200,1
280,220,1
280,240,1
280,260,0
280,280,0
280,300,0
280,320,1
280,340,0
280,360,0
280,380,0
280,400,0
280,420,0
280,440,0
280,460,0
280,480,0
280,500,0
280,520,0
280,540,0
280,560,0
280,580,1
280,600,0
280,620,0
280,640,0
280,660,1
280,680,0
280,700,0
280,720,1
280,740,0
280,760,0
280,780,1
280,800,0
280,820,0
280,840,1
280,860,1
280,880,1
280,900,0
280,920,0
280,940,0
280,960,1
300,80,1
300,100,0
300,120,0
300,140,0
300,160,0
300,180,0
300,200,0
300,220,0
300,240,0
300,260,0
300,280,0
300,300,0
300,320,1
300,340,0
300,360,0
300,380,0
300,400,1
300,420,1
300,440,1
300,460,1
300,480,1
300,500,1
300,520,1
300,540,1
300,560,1
300,580,1
300,600,0
300,620,0
300,640,0
300,660,1
300,680,0
300,700,0
300,720,1
300,740,0
300,760,0
300,780,1
300,800,0
300,820,0
300,840,0
300,860,0
300,880,0
300,900,0
300,920,0
300,940,0
300,960,1
320,80,1
320,100,0
320,120,0
320,140,0
320,160,0
320,180,0
320,200,0
320,220,0
320,240,0
320,260,0
320,280,0
320,300,0
320,320,1
320,340,0
320,360,0
320,380,0
320,400,0
320,420,0
320,440,0
320,460,0
320,480,0
320,500,0
320,520,0
320,540,0
320,560,0
320,580,0
320,600,0
320,620,0
320,640,0
320,660,1
320,680,0
320,700,0
320,720,1
320,740,0
320,760,0
320,780,1
320,800,0
320,820,0
320,840,0
320,860,0
320,880,0
320,900,0
320,920,0
320,940,0
320,960,1
340,80,1
340,100,0
340,120,0
340,140,0
340,160,0
340,180,0
340,200,0
340,220,0
340,240,0
340,260,0
340,280,0
340,300,0
340,320,1
340,340,0
340,360,0
340,380,0
340,400,0
340,420,0
340,440,0
340,460,0
340,480,0
340,500,0
340,520,0
340,540,0
340,560,0
340,580,0
340,600,0
340,620,0
340,640,0
340,660,1
340,680,0
340,700,0
340,720,1
340,740,0
340,760,0
340,780,1
340,800,0
340,820,0
340,840,0
340,860,0
340,880,0
340,900,0
340,920,0
340,940,0
340,960,1
360,80,1
360,100,0
360,120,0
360,140,0
360,160,1
360,180,1
360,200,1
360,220,1
360,240,1
360,260,1
360,280,1
360,300,1
360,320,1
360,340,0
360,360,0
360,380,0
360,400,0
360,420,0
360,440,0
360,460,0
360,480,0
360,500,0
360,520,0
360,540,0
360,560,0
360,580,0
360,600,0
360,620,0
360,640,0
360,660,1
360,680,0
360,700,0
360,720,1
360,740,0
360,760,0
360,780,1
360,800,1
360,820,1
360,840,1
360,860,1
360,880,1
360,900,0
360,920,0
360,940,0
360,960,1
380,80,1
380,100,0
380,120,0
380,140,0
380,160,0
380,180,0
380,200,0
380,220,0
380,240,0
380,260,0
380,280,0
380,300,0
380,320,0
380,340,0
380,360,0
380,380,0
380,400,1
380,420,0
380,440,0
380,460,0
380,480,1
380,500,1
380,520,1
380,540,1
380,560,1
380,580,1
380,600,0
380,620,0
380,640,0
380,660,1
380,680,0
380,700,0
380,720,1
380,740,0
380,760,0
380,780,1
380,800,0
380,820,0
380,840,0
380,860,0
380,880,1
380,900,0
380,920,0
380,940,0
380,960,1
400,80,1
400,100,0
400,120,0
400,140,0
400,160,0
400,180,0
400,200,0
400,220,0
400,240,0
400,260,0
400,280,0
400,300,0
400,320,0
400,340,0
400,360,0
400,380,0
400,400,1
400,420,0
400,440,0
400,460,0
400,480,1
400,500,0
400,520,0
400,540,0
400,560,0
400,580,0
400,600,0
400,620,0
400,640,0
400,660,1
400,680,0
400,700,0
400,720,1
400,740,0
400,760,0
400,780,1
400,800,0
400,820,0
400,840,0
400,860,0
400,880,1
400,900,0
400,920,0
400,940,0
400,960,1
420,80,1
420,100,0
420,120,0
420,140,0
420,160,0
420,180,0
420,200,0
420,220,0
420,240,0
420,260,0
420,280,0
420,300,0
420,320,0
420,340,0
420,360,0
420,380,0
420,400,1
420,420,0
420,440,0
420,460,0
420,480,1
420,500,0
420,520,0
420,540,0
420,560,0
420,580,0
420,600,0
420,620,0
420,640,0
420,660,1
420,680,0
420,700,0
420,720,1
420,740,0
420,760,0
420,780,1
420,800,0
420,820,0
420,840,0
420,860,0
420,880,1
420,900,0
420,920,0
420,940,0
420,960,1
440,80,1
440,100,0
440,120,0
440,140,0
440,160,1
440,180,1
440,200,1
440,220,1
440,240,1
440,260,0
440,280,0
440,300,0
440,320,1
440,340,0
440,360,0
440,380,0
440,400,1
440,420,0
440,440,0
440,460,0
440,480,1
440,500,0
440,520,0
440,540,0
440,560,0
440,580,0
440,600,0
440,620,0
440,640,0
440,660,1
440,680,0
440,700,0
440,720,1
440,740,0
440,760,0
440,780,1
440,800,0
440,820,0
440,840,0
440,860,0
440,880,1
440,900,0
440,920,0
440,940,0
440,960,1
460,80,1
460,100,0
460,120,0
460,140,0
460,160,1
460,180,0
460,200,0
460,220,0
460,240,1
460,260,0
460,280,0
460,300,0
460,320,1
460,340,0
460,360,0
460,380,0
460,400,1
460,420,0
460,440,0
460,460,0
460,480,1
460,500,1
460,520,1
460,540,1
460,560,1
460,580,1
460,600,1
460,620,1
460,640,1
460,660,1
460,680,0
460,700,0
460,720,1
460,740,1
460,760,1
460,780,1
460,800,0
460,820,0
460,840,0
460,860,0
460,880,1
460,900,0
460,920,0
460,940,0
460,960,1
480,80,1
480,100,0
480,120,0
480,140,0
480,160,1
480,180,0
480,200,0
480,220,0
480,240,1
480,260,0
480,280,0
480,300,0
480,320,1
480,340,0
480,360,0
480,380,0
480,400,1
480,420,0
480,440,0
480,460,0
480,480,0
480,500,0
480,520,0
480,540,1
480,560,0
480,580,0
480,600,1
480,620,0
480,640,0
480,660,0
480,680,0
480,700,0
480,720,1
480,740,0
480,760,0
480,780,0
480,800,0
480,820,0
480,840,0
480,860,0
480,880,1
480,900,0
480,920,0
480,940,0
480,960,1
500,80,1
500,100,0
500,120,0
500,140,0
500,160,1
500,180,0
500,200,0
500,220,0
500,240,1
500,260,0
500,280,0
500,300,0
500,320,1
500,340,0
500,360,0
500,380,0
500,400,1
500,420,0
500,440,0
500,460,0
500,480,0
500,500,0
500,520,0
500,540,1
500,560,0
500,580,0
500,600,1
500,620,0
500,640,0
500,660,0
500,680,0
500,700,0
500,720,1
500,740,0
500,760,0
500,780,0
500,800,0
500,820,0
500,840,0
500,860,0
500,880,1
500,900,0
500,920,0
500,940,0
500,960,1
520,80,1
520,100,0
520,120,0
520,140,0
520,160,1
520,180,0
520,200,0
520,220,0
520,240,1
520,260,0
520,280,0
520,300,0
520,320,1
520,340,1
520,360,1
520,380,1
520,400,1
520,420,1
520,440,1
520,460,1
520,480,1
520,500,0
520,520,0
520,540,1
520,560,0
520,580,0
520,600,1
520,620,0
520,640,0
520,660,0
520,680,0
520,700,0
520,720,1
520,740,0
520,760,0
520,780,0
520,800,0
520,820,0
520,840,0
520,860,0
520,880,1
520,900,0
520,920,0
520,940,0
520,960,1
540,80,1
540,100,0
540,120,0
540,140,0
540,160,1
540,180,0
540,200,0
540,220,0
540,240,1
540,260,0
540,280,0
540,300,0
540,320,1
540,340,0
540,360,0
540,380,0
540,400,0
540,420,0
540,440,0
540,460,0
540,480,0
540,500,0
540,520,0
540,540,1
540,560,0
540,580,0
540,600,1
540,620,0
540,640,0
540,660,0
540,680,1
540,700,1
540,720,1
540,740,0
540,760,0
540,780,0
540,800,1
540,820,1
540,840,1
540,860,1
540,880,1
540,900,0
540,920,0
540,940,0
540,960,1
560,80,1
560,100,0
560,120,0
560,140,0
560,160,1
560,180,0
560,200,0
560,220,0
560,240,1
560,260,0
560,280,0
560,300,0
560,320,1
560,340,0
560,360,0
560,380,0
560,400,0
560,420,0
560,440,0
560,460,0
560,480,0
560,500,0
560,520,0
560,540,1
560,560,0
560,580,0
560,600,1
560,620,0
560,640,0
560,660,0
560,680,1
560,700,1
560,720,1
560,740,0
560,760,0
560,780,0
560,800,1
560,820,0
560,840,0
560,860,0
560,880,0
560,900,0
560,920,0
560,940,0
560,960,1
580,80,1
580,100,0
580,120,0
580,140,0
580,160,1
580,180,0
580,200,0
580,220,0
580,240,1
580,260,0
580,280,0
580,300,0
580,320,1
580,340,0
580,360,0
580,380,0
580,400,0
580,420,0
580,440,0
580,460,0
580,480,0
580,500,0
580,520,0
580,540,1
580,560,0
580,580,0
580,600,1
580,620,0
580,640,0
580,660,0
580,680,0
580,700,0
580,720,1
580,740,0
580,760,0
580,780,0
580,800,1
580,820,0
580,840,0
580,860,0
580,880,0
580,900,0
580,920,0
580,940,0
580,960,1
600,80,1
600,100,0
600,120,0
600,140,0
600,160,1
600,180,0
600,200,0
600,220,0
600,240,1
600,260,0
600,280,0
600,300,0
600,320,1
600,340,0
600,360,0
600,380,0
600,400,1
600,420,1
600,440,1
600,460,1
600,480,1
600,500,1
600,520,1
600,540,1
600,560,0
600,580,0
600,600,1
600,620,0
600,640,0
600,660,0
600,680,0
600,700,0
600,720,1
600,740,0
600,760,0
600,780,0
600,800,1
600,820,0
600,840,0
600,860,0
600,880,0
600,900,0
600,920,0
600,940,0
600,960,1
620,80,1
620,100,0
620,120,0
620,140,0
620,160,1
620,180,0
620,200,0
620,220,0
620,240,0
620,260,0
620,280,0
620,300,0
620,320,1
620,340,0
620,360,0
620,380,0
620,400,0
620,420,0
620,440,0
620,460,0
620,480,0
620,500,0
620,520,0
620,540,1
620,560,0
620,580,0
620,600,1
620,620,0
620,640,0
620,660,0
620,680,0
620,700,0
620,720,1
620,740,0
620,760,0
620,780,0
620,800,1
620,820,0
620,840,0
620,860,0
620,880,1
620,900,1
620,920,1
620,940,1
620,960,1
640,80,1
640,100,0
640,120,0
640,140,0
640,160,1
640,180,0
640,200,0
640,220,0
640,240,0
640,260,0
640,280,0
640,300,0
640,320,1
640,340,0
640,360,0
640,380,0
640,400,0
640,420,0
640,440,0
640,460,0
640,480,0
640,500,0
640,520,0
640,540,1
640,560,0
640,580,0
640,600,1
640,620,1
640,640,1
640,660,1
640,680,0
640,700,0
640,720,1
640,740,0
640,760,0
640,780,0
640,800,1
640,820,0
640,840,0
640,860,0
640,880,1
640,900,0
640,920,0
640,940,0
640,960,1
660,80,1
660,100,0
660,120,0
660,140,0
660,160,1
660,180,0
660,200,0
660,220,0
660,240,0
660,260,0
660,280,0
660,300,0
660,320,1
660,340,0
660,360,0
660,380,0
660,400,0
660,420,0
660,440,0
660,460,0
660,480,0
660,500,0
660,520,0
660,540,1
660,560,0
660,580,0
660,600,1
660,620,1
660,640,1
660,660,1
660,680,0
660,700,0
660,720,1
660,740,0
660,760,0
660,780,0
660,800,1
660,820,0
660,840,0
660,860,0
660,880,1
660,900,0
660,920,0
660,940,0
660,960,1
680,80,1
680,100,0
680,120,0
680,140,0
680,160,1
680,180,1
680,200,1
680,220,1
680,240,1
680,260,1
680,280,1
680,300,1
680,320,1
680,340,1
680,360,1
680,380,1
680,400,1
680,420,1
680,440,1
680,460,1
680,480,0
680,500,0
680,520,0
680,540,1
680,560,0
680,580,0
680,600,1
680,620,0
680,640,0
680,660,0
680,680,0
680,700,0
680,720,1
680,740,0
680,760,0
680,780,0
680,800,1
680,820,0
680,840,0
680,860,0
680,880,1
680,900,0
680,920,0
680,940,0
680,960,1
700,80,1
700,100,0
700,120,0
700,140,0
700,160,0
700,180,0
700,200,0
700,220,0
700,240,0
700,260,0
700,280,0
700,300,0
700,320,1
700,340,0
700,360,0
700,380,0
700,400,1
700,420,0
700,440,0
700,460,0
700,480,0
700,500,0
700,520,0
700,540,1
700,560,0
700,580,0
700,600,1
700,620,0
700,640,0
700,660,0
700,680,0
700,700,0
700,720,1
700,740,0
700,760,0
700,780,0
700,800,1
700,820,0
700,840,0
700,860,0
700,880,1
700,900,0
700,920,0
700,940,0
700,960,1
720,80,1
720,100,0
720,120,0
720,140,0
720,160,0
720,180,0
720,200,0
720,220,0
720,240,0
720,260,0
720,280,0
720,300,0
720,320,1
720,340,0
720,360,0
720,380,0
720,400,1
720,420,0
720,440,0
720,460,0
720,480,0
720,500,0
720,520,0
720,540,1
720,560,0
720,580,0
720,600,1
720,620,0
720,640,0
720,660,0
720,680,0
720,700,0
720,720,1
720,740,0
720,760,0
720,780,0
720,800,1
720,820,0
720,840,0
720,860,0
720,880,1
720,900,0
720,920,0
720,940,0
720,960,1
740,80,1
740,100,0
740,120,0
740,140,0
740,160,0
740,180,0
740,200,0
740,220,0
740,240,0
740,260,0
740,280,0
740,300,0
740,320,1
740,340,0
740,360,0
740,380,0
740,400,1
740,420,0
740,440,0
740,460,0
740,480,0
740,500,0
740,520,0
740,540,1
740,560,0
740,580,0
740,600,1
740,620,0
740,640,0
740,660,0
740,680,0
740,700,0
740,720,1
740,740,0
740,760,0
740,780,0
740,800,1
740,820,0
740,840,0
740,860,0
740,880,1
740,900,0
740,920,0
740,940,0
740,960,1
760,80,1
760,100,1
760,120,1
760,140,1
760,160,1
760,180,1
760,200,1
760,220,1
760,240,1
760,260,0
760,280,0
760,300,0
760,320,1
760,340,0
760,360,0
760,380,0
760,400,1
760,420,0
760,440,0
760,460,0
760,480,0
760,500,0
760,520,0
760,540,1
760,560,0
760,580,0
760,600,1
760,620,0
760,640,0
760,660,0
760,680,1
760,700,1
760,720,1
760,740,0
760,760,0
760,780,0
760,800,1
760,820,0
760,840,0
760,860,0
760,880,1
760,900,0
760,920,0
760,940,0
760,960,1
780,80,1
780,100,0
780,120,0
780,140,0
780,160,1
780,180,0
780,200,0
780,220,0
780,240,0
780,260,0
780,280,0
780,300,0
780,320,1
780,340,0
780,360,0
780,380,0
780,400,1
780,420,0
780,440,0
780,460,0
780,480,1
780,500,1
780,520,1
780,540,1
780,560,0
780,580,0
780,600,1
780,620,0
780,640,0
780,660,0
780,680,1
780,700,0
780,720,0
780,740,0
780,760,0
780,780,0
780,800,1
780,820,0
780,840,0
780,860,0
780,880,1
780,900,0
780,920,0
780,940,0
780,960,1
800,80,1
800,100,0
800,120,0
800,140,0
800,160,1
800,180,0
800,200,0
800,220,0
800,240,0
800,260,0
800,280,0
800,300,0
800,320,1
800,340,0
800,360,0
800,380,0
800,400,1
800,420,0
800,440,0
800,460,0
800,480,1
800,500,0
800,520,0
800,540,0
800,560,0
800,580,0
800,600,1
800,620,0
800,640,0
800,660,0
800,680,1
800,700,0
800,720,0
800,740,0
800,760,0
800,780,0
800,800,1
800,820,0
800,840,0
800,860,0
800,880,1
800,900,0
800,920,0
800,940,0
800,960,1
820,80,1
820,100,0
820,120,0
820,140,0
820,160,1
820,180,0
820,200,0
820,220,0
820,240,0
820,260,0
820,280,0
820,300,0
820,320,1
820,340,0
820,360,0
820,380,0
820,400,1
820,420,0
820,440,0
820,460,0
820,480,1
820,500,0
820,520,0
820,540,0
820,560,0
820,580,0
820,600,1
820,620,0
820,640,0
820,660,0
820,680,1
820,700,0
820,720,0
820,740,0
820,760,0
820,780,0
820,800,1
820,820,0
820,840,0
820,860,0
820,880,1
820,900,0
820,920,0
820,940,0
820,960,1
840,80,1
840,100,0
840,120,0
840,140,0
840,160,1
840,180,0
840,200,0
840,220,0
840,240,1
840,260,1
840,280,1
840,300,1
840,320,1
840,340,0
840,360,0
840,380,0
840,400,1
840,420,0
840,440,0
840,460,0
840,480,1
840,500,0
840,520,0
840,540,0
840,560,0
840,580,0
840,600,1
840,620,0
840,640,0
840,660,0
840,680,0
840,700,0
840,720,0
840,740,0
840,760,1
840,780,1
840,800,1
840,820,0
840,840,0
840,860,0
840,880,1
840,900,0
840,920,0
840,940,0
840,960,1
860,80,1
860,100,0
860,120,0
860,140,0
860,160,1
860,180,0
860,200,0
860,220,0
860,240,0
860,260,0
860,280,0
860,300,0
860,320,0
860,340,0
860,360,0
860,380,0
860,400,1
860,420,0
860,440,0
860,460,0
860,480,1
860,500,0
860,520,0
860,540,0
860,560,0
860,580,0
860,600,1
860,620,0
860,640,0
860,660,0
860,680,0
860,700,0
860,720,0
860,740,0
860,760,0
860,780,0
860,800,0
860,820,0
860,840,0
860,860,0
860,880,0
860,900,0
860,920,0
860,940,0
860,960,1
880,80,1
880,100,0
880,120,0
880,140,0
880,160,1
880,180,0
880,200,0
880,220,0
880,240,0
880,260,0
880,280,0
880,300,0
880,320,0
880,340,0
880,360,0
880,380,0
880,400,0
880,420,0
880,440,0
880,460,0
880,480,1
880,500,0
880,520,0
880,540,0
880,560,1
880,580,1
880,600,1
880,620,1
880,640,1
880,660,1
880,680,1
880,700,0
880,720,0
880,740,0
880,760,0
880,780,0
880,800,0
880,820,0
880,840,0
880,860,0
880,880,0
880,900,0
880,920,0
880,940,0
880,960,1
900,80,1
900,100,0
900,120,0
900,140,0
900,160,1
900,180,0
900,200,0
900,220,0
900,240,0
900,260,0
900,280,0
900,300,0
900,320,0
900,340,0
900,360,0
900,380,0
900,400,0
900,420,0
900,440,0
900,460,0
900,480,1
900,500,0
900,520,0
900,540,0
900,560,1
900,580,0
900,600,0
900,620,0
900,640,0
900,660,0
900,680,1
900,700,0
900,720,0
900,740,0
900,760,0
900,780,0
900,800,0
900,820,0
900,840,0
900,860,0
900,880,0
900,900,0
900,920,0
900,940,0
900,960,1
920,80,1
920,100,0
920,120,0
920,140,0
920,160,1
920,180,0
920,200,0
920,220,0
920,240,1
920,260,1
920,280,1
920,300,1
920,320,1
920,340,1
920,360,1
920,380,1
920,400,1
920,420,1
920,440,1
920,460,1
920,480,1
920,500,0
920,520,0
920,540,0
920,560,1
920,580,0
920,600,0
920,620,0
920,640,0
920,660,0
920,680,1
920,700,1
920,720,1
920,740,1
920,760,1
920,780,1
920,800,1
920,820,1
920,840,1
920,860,1
920,880,1
920,900,0
920,920,0
920,940,0
920,960,1
940,80,1
940,100,0
940,120,0
940,140,0
940,160,1
940,180,0
940,200,0
940,220,0
940,240,1
940,260,1
940,280,1
940,300,1
940,320,1
940,340,1
940,360,1
940,380,1
940,400,1
940,420,1
940,440,1
940,460,1
940,480,1
940,500,0
940,520,0
940,540,0
940,560,1
940,580,0
940,600,0
940,620,1
940,640,0
940,660,0
940,680,0
940,700,0
940,720,0
940,740,0
940,760,0
940,780,0
940,800,0
940,820,0
940,840,0
940,860,0
940,880,1
940,900,0
940,920,0
940,940,0
940,960,1
960,80,1
960,100,0
960,120,0
960,140,0
960,160,1
960,180,0
960,200,0
960,220,0
960,240,1
960,260,0
960,280,0
960,300,0
960,320,0
960,340,0
960,360,0
960,380,0
960,400,0
960,420,0
960,440,0
960,460,0
960,480,1
960,500,0
960,520,0
960,540,0
960,560,1
960,580,0
960,600,0
960,620,1
960,640,0
960,660,0
960,680,0
960,700,0
960,720,0
960,740,0
960,760,0
960,780,0
960,800,0
960,820,0
960,840,0
960,860,0
960,880,1
960,900,0
960,920,0
960,940,0
960,960,1
980,80,1
980,100,0
980,120,0
980,140,0
980,160,1
980,180,0
980,200,0
980,220,0
980,240,1
980,260,0
980,280,0
980,300,0
980,320,0
980,340,0
980,360,0
980,380,0
980,400,0
980,420,0
980,440,0
980,460,0
980,480,1
980,500,0
980,520,0
980,540,0
980,560,1
980,580,0
980,600,0
980,620,1
980,640,0
980,660,0
980,680,0
980,700,0
980,720,0
980,740,0
980,760,0
980,780,0
980,800,0
980,820,0
980,840,0
980,860,0
980,880,1
980,900,0
980,920,0
980,940,0
980,960,1
1000,80,1
1000,100,0
1000,120,0
1000,140,0
1000,160,1
1000,180,0
1000,200,0
1000,220,0
1000,240,1
1000,260,0
1000,280,0
1000,300,0
1000,320,0
1000,340,0
1000,360,0
1000,380,0
1000,400,0
1000,420,0
1000,440,0
1000,460,0
1000,480,0
1000,500,0
1000,520,0
1000,540,0
1000,560,1
1000,580,0
1000,600,0
1000,620,1
1000,640,1
1000,660,1
1000,680,1
1000,700,0
1000,720,0
1000,740,0
1000,760,1
1000,780,1
1000,800,1
1000,820,1
1000,840,1
1000,860,1
1000,880,1
1000,900,0
1000,920,0
1000,940,0
1000,960,1
1020,80,1
1020,100,0
1020,120,0
1020,140,0
1020,160,1
1020,180,0
1020,200,0
1020,220,0
1020,240,1
1020,260,0
1020,280,0
1020,300,0
1020,320,1
1020,340,1
1020,360,1
1020,380,1
1020,400,1
1020,420,0
1020,440,0
1020,460,0
1020,480,0
1020,500,0
1020,520,0
1020,540,0
1020,560,1
1020,580,0
1020,600,0
1020,620,0
1020,640,0
1020,660,0
1020,680,1
1020,700,0
1020,720,0
1020,740,0
1020,760,1
1020,780,1
1020,800,1
1020,820,0
1020,840,0
1020,860,0
1020,880,1
1020,900,0
1020,920,0
1020,940,0
1020,960,1
1040,80,1
1040,100,0
1040,120,0
1040,140,0
1040,160,1
1040,180,0
1040,200,0
1040,220,0
1040,240,1
1040,260,0
1040,280,0
1040,300,0
1040,320,1
1040,340,0
1040,360,0
1040,380,0
1040,400,1
1040,420,0
1040,440,0
1040,460,0
1040,480,0
1040,500,0
1040,520,0
1040,540,0
1040,560,1
1040,580,0
1040,600,0
1040,620,0
1040,640,0
1040,660,0
1040,680,1
1040,700,0
1040,720,0
1040,740,0
1040,760,1
1040,780,1
1040,800,1
1040,820,0
1040,840,0
1040,860,0
1040,880,1
1040,900,0
1040,920,0
1040,940,0
1040,960,1
1060,80,1
1060,100,0
1060,120,0
1060,140,0
1060,160,0
1060,180,0
1060,200,0
1060,220,0
1060,240,1
1060,260,0
1060,280,0
1060,300,0
1060,320,1
1060,340,0
1060,360,0
1060,380,0
1060,400,1
1060,420,0
1060,440,0
1060,460,0
1060,480,0
1060,500,0
1060,520,0
1060,540,0
1060,560,1
1060,580,0
1060,600,0
1060,620,0
1060,640,0
1060,660,0
1060,680,1
1060,700,0
1060,720,0
1060,740,0
1060,760,1
1060,780,1
1060,800,1
1060,820,0
1060,840,0
1060,860,0
1060,880,1
1060,900,0
1060,920,0
1060,940,0
1060,960,1
1080,80,1
1080,100,0
1080,120,0
1080,140,0
1080,160,0
1080,180,0
1080,200,0
1080,220,0
1080,240,1
1080,260,0
1080,280,0
1080,300,0
1080,320,1
1080,340,0
1080,360,0
1080,380,0
1080,400,1
1080,420,1
1080,440,1
1080,460,1
1080,480,1
1080,500,1
1080,520,1
1080,540,1
1080,560,1
1080,580,1
1080,600,1
1080,620,1
1080,640,1
1080,660,1
1080,680,1
1080,700,0
1080,720,0
1080,740,0
1080,760,1
1080,780,1
1080,800,1
1080,820,0
1080,840,0
1080,860,0
1080,880,1
1080,900,0
1080,920,0
1080,940,0
1080,960,1
1100,80,1
1100,100,0
1100,120,0
1100,140,0
1100,160,0
1100,180,0
1100,200,0
1100,220,0
1100,240,1
1100,260,0
1100,280,0
1100,300,0
1100,320,0
1100,340,0
1100,360,0
1100,380,0
1100,400,0
1100,420,0
1100,440,0
1100,460,0
1100,480,0
1100,500,0
1100,520,0
1100,540,0
1100,560,0
1100,580,0
1100,600,0
1100,620,0
1100,640,0
1100,660,0
1100,680,1
1100,700,0
1100,720,0
1100,740,0
1100,760,1
1100,780,1
1100,800,1
1100,820,0
1100,840,0
1100,860,0
1100,880,1
1100,900,0
1100,920,0
1100,940,0
1100,960,1
1120,80,1
1120,100,1
1120,120,1
1120,140,1
1120,160,1
1120,180,1
1120,200,1
1120,220,1
1120,240,1
1120,260,0
1120,280,0
1120,300,0
1120,320,0
1120,340,0
1120,360,0
1120,380,0
1120,400,0
1120,420,0
1120,440,0
1120,460,0
1120,480,0
1120,500,0
1120,520,0
1120,540,0
1120,560,0
1120,580,0
1120,600,0
1120,620,0
1120,640,0
1120,660,0
1120,680,1
1120,700,0
1120,720,0
1120,740,0
1120,760,1
1120,780,1
1120,800,1
1120,820,0
1120,840,0
1120,860,0
1120,880,1
1120,900,0
1120,920,0
1120,940,0
1120,960,1
1140,80,1
1140,100,0
1140,120,0
1140,140,0
1140,160,0
1140,180,0
1140,200,0
1140,220,0
1140,240,0
1140,260,0
1140,280,0
1140,300,0
1140,320,0
1140,340,0
1140,360,0
1140,380,0
1140,400,0
1140,420,0
1140,440,0
1140,460,0
1140,480,0
1140,500,0
1140,520,0
1140,540,0
1140,560,0
1140,580,0
1140,600,0
1140,620,0
1140,640,0
1140,660,0
1140,680,1
1140,700,0
1140,720,0
1140,740,0
1140,760,1
1140,780,1
1140,800,1
1140,820,0
1140,840,0
1140,860,0
1140,880,1
1140,900,0
1140,920,0
1140,940,0
1140,960,1
1160,80,1
1160,100,0
1160,120,0
1160,140,0
1160,160,0
1160,180,0
1160,200,0
1160,220,0
1160,240,0
1160,260,0
1160,280,0
1160,300,0
1160,320,1
1160,340,0
1160,360,0
1160,380,0
1160,400,1
1160,420,1
1160,440,1
1160,460,1
1160,480,1
1160,500,1
1160,520,1
1160,540,0
1160,560,0
1160,580,0
1160,600,1
1160,620,0
1160,640,0
1160,660,0
1160,680,1
1160,700,0
1160,720,0
1160,740,0
1160,760,1
1160,780,1
1160,800,1
1160,820,0
1160,840,0
1160,860,0
1160,880,1
1160,900,0
1160,920,0
1160,940,0
1160,960,1
1180,80,1
1180,100,0
1180,120,0
1180,140,0
1180,160,0
1180,180,0
1180,200,0
1180,220,0
1180,240,0
1180,260,0
1180,280,0
1180,300,0
1180,320,1
1180,340,0
1180,360,0
1180,380,0
1180,400,1
1180,420,0
1180,440,0
1180,460,0
1180,480,0
1180,500,0
1180,520,1
1180,540,0
1180,560,0
1180,580,0
1180,600,1
1180,620,0
1180,640,0
1180,660,0
1180,680,1
1180,700,0
1180,720,0
1180,740,0
1180,760,1
1180,780,0
1180,800,0
1180,820,0
1180,840,0
1180,860,0
1180,880,1
1180,900,0
1180,920,0
1180,940,0
1180,960,1
1200,80,1
1200,100,0
1200,120,0
1200,140,0
1200,160,1
1200,180,1
1200,200,1
1200,220,1
1200,240,1
1200,260,1
1200,280,1
1200,300,1
1200,320,1
1200,340,0
1200,360,0
1200,380,0
1200,400,1
1200,420,0
1200,440,0
1200,460,0
1200,480,0
1200,500,0
1200,520,1
1200,540,0
1200,560,0
1200,580,0
1200,600,1
1200,620,0
1200,640,0
1200,660,0
1200,680,1
1200,700,0
1200,720,0
1200,740,0
1200,760,1
1200,780,0
1200,800,0
1200,820,0
1200,840,0
1200,860,0
1200,880,1
1200,900,0
1200,920,0
1200,940,0
1200,960,1
1220,80,1
1220,100,0
1220,120,0
1220,140,0
1220,160,0
1220,180,0
1220,200,0
1220,220,0
1220,240,0
1220,260,0
1220,280,0
1220,300,0
1220,320,1
1220,340,0
1220,360,0
1220,380,0
1220,400,1
1220,420,0
1220,440,0
1220,460,0
1220,480,0
1220,500,0
1220,520,1
1220,540,0
1220,560,0
1220,580,0
1220,600,1
1220,620,0
1220,640,0
1220,660,0
1220,680,1
1220,700,0
1220,720,0
1220,740,0
1220,760,1
1220,780,0
1220,800,0
1220,820,0
1220,840,0
1220,860,0
1220,880,1
1220,900,0
1220,920,0
1220,940,0
1220,960,1
1240,80,1
1240,100,0
1240,120,0
1240,140,0
1240,160,0
1240,180,0
1240,200,0
1240,220,0
1240,240,0
1240,260,0
1240,280,0
1240,300,0
1240,320,1
1240,340,0
1240,360,0
1240,380,0
1240,400,1
1240,420,0
1240,440,0
1240,460,0
1240,480,1
1240,500,1
1240,520,1
1240,540,0
1240,560,0
1240,580,0
1240,600,1
1240,620,0
1240,640,0
1240,660,0
1240,680,1
1240,700,0
1240,720,0
1240,740,0
1240,760,1
1240,780,0
1240,800,0
1240,820,0
1240,840,1
1240,860,1
1240,880,1
1240,900,0
1240,920,0
1240,940,0
1240,960,1
1260,80,1
1260,100,0
1260,120,0
1260,140,0
1260,160,0
1260,180,0
1260,200,0
1260,220,0
1260,240,0
1260,260,0
1260,280,0
1260,300,0
1260,320,1
1260,340,0
1260,360,0
1260,380,0
1260,400,1
1260,420,0
1260,440,0
1260,460,0
1260,480,0
1260,500,0
1260,520,0
1260,540,0
1260,560,0
1260,580,0
1260,600,1
1260,620,0
1260,640,0
1260,660,0
1260,680,1
1260,700,0
1260,720,0
1260,740,0
1260,760,1
1260,780,0
1260,800,0
1260,820,0
1260,840,1
1260,860,1
1260,880,1
1260,900,0
1260,920,0
1260,940,0
1260,960,1
1280,80,1
1280,100,1
1280,120,1
1280,140,1
1280,160,1
1280,180,1
1280,200,1
1280,220,1
1280,240,1
1280,260,0
1280,280,0
1280,300,0
1280,320,1
1280,340,1
1280,360,1
1280,380,1
1280,400,1
1280,420,0
1280,440,0
1280,460,0
1280,480,0
1280,500,0
1280,520,0
1280,540,0
1280,560,0
1280,580,0
1280,600,1
1280,620,0
1280,640,0
1280,660,0
1280,680,1
1280,700,0
1280,720,0
1280,740,0
1280,760,1
1280,780,0
1280,800,0
1280,820,0
1280,840,1
1280,860,1
1280,880,1
1280,900,0
1280,920,0
1280,940,0
1280,960,1
1300,80,1
1300,100,0
1300,120,0
1300,140,0
1300,160,0
1300,180,0
1300,200,0
1300,220,0
1300,240,0
1300,260,0
1300,280,0
1300,300,0
1300,320,1
1300,340,0
1300,360,0
1300,380,0
1300,400,1
1300,420,0
1300,440,0
1300,460,0
1300,480,0
1300,500,0
1300,520,0
1300,540,0
1300,560,0
1300,580,0
1300,600,1
1300,620,0
1300,640,0
1300,660,0
1300,680,1
1300,700,0
1300,720,0
1300,740,0
1300,760,1
1300,780,0
1300,800,0
1300,820,0
1300,840,0
1300,860,0
1300,880,0
1300,900,0
1300,920,0
1300,940,0
1300,960,1
1320,80,1
1320,100,0
1320,120,0
1320,140,0
1320,160,0
1320,180,0
1320,200,0
1320,220,0
1320,240,0
1320,260,0
1320,280,0
1320,300,0
1320,320,1
1320,340,0
1320,360,0
1320,380,0
1320,400,1
1320,420,1
1320,440,1
1320,460,1
1320,480,1
1320,500,1
1320,520,1
1320,540,1
1320,560,1
1320,580,1
1320,600,1
1320,620,0
1320,640,0
1320,660,0
1320,680,1
1320,700,0
1320,720,0
1320,740,0
1320,760,1
1320,780,0
1320,800,0
1320,820,0
1320,840,0
1320,860,0
1320,880,0
1320,900,0
1320,920,0
1320,940,0
1320,960,1
1340,80,1
1340,100,0
1340,120,0
1340,140,0
1340,160,0
1340,180,0
1340,200,0
1340,220,0
1340,240,0
1340,260,0
1340,280,0
1340,300,0
1340,320,1
1340,340,0
1340,360,0
1340,380,0
1340,400,0
1340,420,0
1340,440,0
1340,460,0
1340,480,0
1340,500,0
1340,520,0
1340,540,0
1340,560,0
1340,580,0
1340,600,0
1340,620,0
1340,640,0
1340,660,0
1340,680,1
1340,700,0
1340,720,0
1340,740,0
1340,760,1
1340,780,0
1340,800,0
1340,820,0
1340,840,0
1340,860,0
1340,880,0
1340,900,0
1340,920,0
1340,940,0
1340,960,1
1360,80,1
1360,100,0
1360,120,0
1360,140,0
1360,160,1
1360,180,1
1360,200,1
1360,220,1
1360,240,1
1360,260,1
1360,280,1
1360,300,1
1360,320,1
1360,340,0
1360,360,0
1360,380,0
1360,400,0
1360,420,0
1360,440,0
1360,460,0
1360,480,0
1360,500,0
1360,520,0
1360,540,0
1360,560,0
1360,580,0
1360,600,0
1360,620,0
1360,640,0
1360,660,0
1360,680,1
1360,700,0
1360,720,0
1360,740,0
1360,760,1
1360,780,1
1360,800,1
1360,820,1
1360,840,1
1360,860,1
1360,880,1
1360,900,0
1360,920,0
1360,940,0
1360,960,1
1380,80,1
1380,100,0
1380,120,0
1380,140,0
1380,160,0
1380,180,0
1380,200,0
1380,220,0
1380,240,0
1380,260,0
1380,280,0
1380,300,0
1380,320,1
1380,340,0
1380,360,0
1380,380,0
1380,400,0
1380,420,0
1380,440,0
1380,460,0
1380,480,0
1380,500,0
1380,520,0
1380,540,0
1380,560,0
1380,580,0
1380,600,0
1380,620,0
1380,640,0
1380,660,0
1380,680,1
1380,700,0
1380,720,0
1380,740,0
1380,760,0
1380,780,0
1380,800,0
1380,820,0
1380,840,0
1380,860,0
1380,880,0
1380,900,0
1380,920,0
1380,940,0
1380,960,1
1400,80,1
1400,100,0
1400,120,0
1400,140,0
1400,160,0
1400,180,0
1400,200,0
1400,220,0
1400,240,0
1400,260,0
1400,280,0
1400,300,0
1400,320,1
1400,340,0
1400,360,0
1400,380,0
1400,400,1
1400,420,1
1400,440,1
1400,460,1
1400,480,1
1400,500,1
1400,520,1
1400,540,1
1400,560,1
1400,580,1
1400,600,1
1400,620,1
1400,640,1
1400,660,1
1400,680,1
1400,700,0
1400,720,0
1400,740,0
1400,760,0
1400,780,0
1400,800,0
1400,820,0
1400,840,0
1400,860,0
1400,880,0
1400,900,0
1400,920,0
1400,940,0
1400,960,1
1420,80,1
1420,100,0
1420,120,0
1420,140,0
1420,160,0
1420,180,0
1420,200,0
1420,220,0
1420,240,0
1420,260,0
1420,280,0
1420,300,0
1420,320,1
1420,340,0
1420,360,0
1420,380,0
1420,400,1
1420,420,1
1420,440,1
1420,460,1
1420,480,1
1420,500,1
1420,520,1
1420,540,1
1420,560,1
1420,580,1
1420,600,1
1420,620,1
1420,640,1
1420,660,1
1420,680,1
1420,700,0
1420,720,0
1420,740,0
1420,760,0
1420,780,0
1420,800,0
1420,820,0
1420,840,0
1420,860,0
1420,880,0
1420,900,0
1420,920,0
1420,940,0
1420,960,1
1440,80,1
1440,100,1
1440,120,1
1440,140,1
1440,160,1
1440,180,1
1440,200,1
1440,220,1
1440,240,1
1440,260,0
1440,280,0
1440,300,0
1440,320,1
1440,340,0
1440,360,0
1440,380,0
1440,400,0
1440,420,0
1440,440,0
1440,460,0
1440,480,0
1440,500,0
1440,520,0
1440,540,0
1440,560,0
1440,580,0
1440,600,0
1440,620,0
1440,640,0
1440,660,0
1440,680,1
1440,700,1
1440,720,1
1440,740,1
1440,760,1
1440,780,1
1440,800,1
1440,820,1
1440,840,1
1440,860,1
1440,880,1
1440,900,1
1440,920,1
1440,940,1
1440,960,1
1460,80,1
1460,100,0
1460,120,0
1460,140,0
1460,160,0
1460,180,0
1460,200,0
1460,220,0
1460,240,1
1460,260,0
1460,280,0
1460,300,0
1460,320,1
1460,340,0
1460,360,0
1460,380,0
1460,400,0
1460,420,0
1460,440,0
1460,460,0
1460,480,0
1460,500,0
1460,520,0
1460,540,0
1460,560,0
1460,580,0
1460,600,0
1460,620,0
1460,640,0
1460,660,0
1460,680,0
1460,700,0
1460,720,0
1460,740,0
1460,760,0
1460,780,0
1460,800,0
1460,820,0
1460,840,0
1460,860,0
1460,880,0
1460,900,1
1460,920,0
1460,940,0
1460,960,1
1480,80,1
1480,100,0
1480,120,0
1480,140,0
1480,160,0
1480,180,0
1480,200,0
1480,220,0
1480,240,1
1480,260,0
1480,280,0
1480,300,0
1480,320,1
1480,340,0
1480,360,0
1480,380,0
1480,400,0
1480,420,0
1480,440,0
1480,460,0
1480,480,0
1480,500,0
1480,520,0
1480,540,0
1480,560,0
1480,580,0
1480,600,0
1480,620,0
1480,640,0
1480,660,0
1480,680,0
1480,700,0
1480,720,0
1480,740,0
1480,760,0
1480,780,0
1480,800,0
1480,820,0
1480,840,0
1480,860,0
1480,880,0
1480,900,1
1480,920,0
1480,940,0
1480,960,1
1500,80,1
1500,100,0
1500,120,0
1500,140,1
1500,160,1
1500,180,1
1500,200,1
1500,220,1
1500,240,1
1500,260,0
1500,280,0
1500,300,0
1500,320,1
1500,340,1
1500,360,1
1500,380,1
1500,400,1
1500,420,1
1500,440,1
1500,460,1
1500,480,1
1500,500,1
1500,520,1
1500,540,1
1500,560,1
1500,580,1
1500,600,1
1500,620,1
1500,640,0
1500,660,0
1500,680,0
1500,700,1
1500,720,1
1500,740,1
1500,760,1
1500,780,1
1500,800,1
1500,820,1
1500,840,1
1500,860,0
1500,880,0
1500,900,1
1500,920,0
1500,940,0
1500,960,1
1520,80,1
1520,100,0
1520,120,0
1520,140,0
1520,160,0
1520,180,0
1520,200,0
1520,220,0
1520,240,0
1520,260,0
1520,280,0
1520,300,0
1520,320,0
1520,340,0
1520,360,0
1520,380,0
1520,400,1
1520,420,0
1520,440,0
1520,460,0
1520,480,0
1520,500,0
1520,520,0
1520,540,0
1520,560,0
1520,580,0
1520,600,0
1520,620,0
1520,640,0
1520,660,0
1520,680,0
1520,700,1
1520,720,0
1520,740,0
1520,760,0
1520,780,0
1520,800,0
1520,820,0
1520,840,0
1520,860,0
1520,880,0
1520,900,1
1520,920,0
1520,940,0
1520,960,1
1540,80,1
1540,100,0
1540,120,0
1540,140,0
1540,160,0
1540,180,0
1540,200,0
1540,220,0
1540,240,0
1540,260,0
1540,280,0
1540,300,0
1540,320,0
1540,340,0
1540,360,0
1540,380,0
1540,400,1
1540,420,0
1540,440,0
1540,460,0
1540,480,0
1540,500,0
1540,520,0
1540,540,0
1540,560,0
1540,580,0
1540,600,0
1540,620,0
1540,640,0
1540,660,0
1540,680,0
1540,700,1
1540,720,0
1540,740,0
1540,760,0
1540,780,0
1540,800,0
1540,820,0
1540,840,0
1540,860,0
1540,880,0
1540,900,0
1540,920,0
1540,940,0
1540,960,1
1560,80,1
1560,100,0
1560,120,0
1560,140,0
1560,160,0
1560,180,0
1560,200,0
1560,220,0
1560,240,0
1560,260,0
1560,280,0
1560,300,0
1560,320,0
1560,340,0
1560,360,0
1560,380,0
1560,400,1
1560,420,0
1560,440,0
1560,460,0
1560,480,0
1560,500,0
1560,520,0
1560,540,0
1560,560,0
1560,580,0
1560,600,0
1560,620,0
1560,640,0
1560,660,0
1560,680,0
1560,700,1
1560,720,0
1560,740,0
1560,760,0
1560,780,0
1560,800,0
1560,820,0
1560,840,0
1560,860,0
1560,880,0
1560,900,0
1560,920,0
1560,940,0
1560,960,1
1580,80,1
1580,100,1
1580,120,1
1580,140,1
1580,160,1
1580,180,1
1580,200,1
1580,220,1
1580,240,1
1580,260,1
1580,280,1
1580,300,1
1580,320,1
1580,340,1
1580,360,1
1580,380,1
1580,400,1
1580,420,1
1580,440,1
1580,460,1
1580,480,1
1580,500,1
1580,520,1
1580,540,1
1580,560,1
1580,580,1
1580,600,1
1580,620,1
1580,640,1
1580,660,1
1580,680,1
1580,700,1
1580,720,1
1580,740,1
1580,760,1
1580,780,1
1580,800,1
1580,820,1
1580,840,1
1580,860,1
1580,880,1
1580,900,1
1580,920,1
1580,940,1
1580,960,1
